<?xml version="1.0" encoding="UTF-8"?>
<project-private xmlns="http://www.netbeans.org/ns/project-private/1">
    <editor-bookmarks xmlns="http://www.netbeans.org/ns/editor-bookmarks/2" lastBookmarkId="0"/>
    <open-files xmlns="http://www.netbeans.org/ns/projectui-open-files/2">
        <group>
            <file>file:/E:/Capstone/Capstone-main/Project/CapstoneProject/src/capstoneproject/CurrGame.java</file>
            <file>file:/E:/Capstone/Capstone-main/Project/CapstoneProject/src/GameForms/GameFormTemplate.java</file>
            <file>file:/E:/Capstone/Capstone-main/Project/CapstoneProject/src/GameForms/aco.jpg</file>
            <file>file:/E:/Capstone/Capstone-main/Project/CapstoneProject/src/GameForms/AssassinsCreed.java</file>
            <file>file:/E:/Capstone/Capstone-main/Project/CapstoneProject/src/capstoneproject/AddGames.java</file>
            <file>file:/E:/Capstone/Capstone-main/Project/CapstoneProject/src/GameForms/FillForms.java</file>
            <file>file:/E:/Capstone/Capstone-main/Project/CapstoneProject/src/capstoneproject/HomePage.java</file>
        </group>
    </open-files>
</project-private>
