<?xml version="1.0" encoding="UTF-8"?>
<project-private xmlns="http://www.netbeans.org/ns/project-private/1">
    <editor-bookmarks xmlns="http://www.netbeans.org/ns/editor-bookmarks/2" lastBookmarkId="0"/>
    <open-files xmlns="http://www.netbeans.org/ns/projectui-open-files/2">
        <group>
            <file>file:/E:/Capstone/Capstone-main%20(1)/Capstone-main/Project/CapstoneProject/src/capstoneproject/User.java</file>
            <file>file:/E:/Capstone/Capstone-main%20(1)/Capstone-main/Project/CapstoneProject/src/capstoneproject/ProfilePage.java</file>
            <file>file:/E:/Capstone/Capstone-main%20(1)/Capstone-main/Project/CapstoneProject/src/capstoneproject/Login.java</file>
            <file>file:/E:/Capstone/Capstone-main%20(1)/Capstone-main/Project/CapstoneProject/src/capstoneproject/CapstoneProject.java</file>
            <file>file:/E:/Capstone/Capstone-main%20(1)/Capstone-main/Project/CapstoneProject/src/GameForms/AssassinsCreed.java</file>
            <file>file:/E:/Capstone/Capstone-main%20(1)/Capstone-main/Project/CapstoneProject/src/capstoneproject/HomePage.java</file>
            <file>file:/E:/Capstone/Capstone-main%20(1)/Capstone-main/Project/CapstoneProject/src/capstoneproject/CreateAccount.java</file>
            <file>file:/E:/Capstone/Capstone-main%20(1)/Capstone-main/Project/CapstoneProject/src/GameForms/ACO.jpg</file>
        </group>
    </open-files>
</project-private>
