<?xml version="1.0" encoding="UTF-8"?>
<project-private xmlns="http://www.netbeans.org/ns/project-private/1">
    <editor-bookmarks xmlns="http://www.netbeans.org/ns/editor-bookmarks/2" lastBookmarkId="0"/>
    <open-files xmlns="http://www.netbeans.org/ns/projectui-open-files/2">
        <group>
            <file>file:/D:/CSC-289(Capstone)/CapstoneProject/src/capstoneproject/CreateAccount.java</file>
            <file>file:/D:/CSC-289(Capstone)/CapstoneProject/src/capstoneproject/Login.java</file>
            <file>file:/D:/CSC-289(Capstone)/CapstoneProject/src/capstoneproject/CapstoneProject.java</file>
            <file>file:/D:/CSC-289(Capstone)/CapstoneProject/src/capstoneproject/MainPage.java</file>
        </group>
    </open-files>
</project-private>
